{
  "hero": {
    "title": "Your Trusted Virtual Fitting Room",
    "subtitle": "Find the perfect outfit without trying on 510 pants or making infinite returns.",
    "cta": "Get Started Now"
  },
  "footer": {
    "contact": "Contact: hello@tryonyou.app",
    "rights": "© 2025 TRYONYOU · All rights reserved",
    "mini_cta": "Want to integrate TryOnYou with your brand? Request the demo."
  },
  "about": {
    "title": "About TRYONYOU",
    "description": "AI-powered virtual try-on platform revolutionizing online fashion shopping."
  }
}

