{
  "projectName": "tryonyou-master",
  "buildCommand": "pnpm build",
  "outputDirectory": "dist",
  "public": true,
  "framework": "vite",
  "env": [
    "DATABASE_URL",
    "JWT_SECRET",
    "VITE_APP_ID",
    "VITE_APP_TITLE",
    "VITE_APP_LOGO",
    "OAUTH_SERVER_URL",
    "VITE_OAUTH_PORTAL_URL",
    "BUILT_IN_FORGE_API_URL",
    "BUILT_IN_FORGE_API_KEY",
    "VITE_FRONTEND_FORGE_API_KEY",
    "VITE_FRONTEND_FORGE_API_URL",
    "OWNER_OPEN_ID",
    "OWNER_NAME"
  ],
  "domains": [
    "tryonyou.app"
  ],
  "alias": [
    "tryonyou.app"
  ]
}
