{
  "name": "TRYONME / TRYONYOU – ABVETOS Intelligence System",
  "version": "2025.08.12",
  "components": {
    "web": "Landing minimal lista para publicar",
    "api": "API demo biométrica (mock) con Express",
    "integrations": [
      "make_upload_scenario.json",
      "index.js (cliente ejemplo)"
    ],
    "docs": [
      "README_TRYONME_FINAL.txt",
      "12Dossier_INPI_TryOn_RubenEspinar_LANG_FR_FINAL.docx"
    ]
  },
  "notes": "Paquete curado: solo piezas con impacto directo en demo/venta y fieles a la patente."
}